-- phpMyAdmin SQL Dump
-- version 4.5.4.1
-- http://www.phpmyadmin.net
--
-- Host: localhost:3306
-- Generation Time: Oct 31, 2016 at 07:32 AM
-- Server version: 5.6.29
-- PHP Version: 5.6.19

SET SQL_MODE = "NO_AUTO_VALUE_ON_ZERO";
SET time_zone = "+00:00";


/*!40101 SET @OLD_CHARACTER_SET_CLIENT=@@CHARACTER_SET_CLIENT */;
/*!40101 SET @OLD_CHARACTER_SET_RESULTS=@@CHARACTER_SET_RESULTS */;
/*!40101 SET @OLD_COLLATION_CONNECTION=@@COLLATION_CONNECTION */;
/*!40101 SET NAMES utf8mb4 */;

--
-- Database: `new_scayle`
--

-- --------------------------------------------------------

--
-- Table structure for table `accounts`
--

CREATE TABLE `accounts` (
  `accountId` int(11) NOT NULL,
  `name` varchar(255) DEFAULT NULL,
  `email` varchar(255) DEFAULT NULL,
  `password` text,
  `created` date DEFAULT NULL,
  `updated` date DEFAULT NULL,
  `status` text,
  `seo` varchar(255) DEFAULT NULL,
  `login_attempts` int(11) DEFAULT NULL,
  `blocked_timing` datetime DEFAULT NULL,
  `account_type` int(11) DEFAULT NULL,
  `accountId_created` int(11) DEFAULT NULL,
  `accountId_updated` int(11) DEFAULT NULL
) ENGINE=InnoDB DEFAULT CHARSET=latin1;

--
-- Dumping data for table `accounts`
--

INSERT INTO `accounts` (`accountId`, `name`, `email`, `password`, `created`, `updated`, `status`, `seo`, `login_attempts`, `blocked_timing`, `account_type`, `accountId_created`, `accountId_updated`) VALUES
(1, 'admin', 'admin@admin.com', 'Z7fLiWTJxMh7auGIZld8a2BR8vI9PaYnzcKwtxvqB3E=', '2016-03-12', '2016-03-14', '0', 'admin', NULL, NULL, 1, 1, 1),
(2, 'Partner 1', 'Partner1@mail.com', '0rzzzTU1HP/6CGYadj1U6/RHg4qgaFUOTKt8/erR20k=', '2016-03-11', '2016-03-19', '0', 'partner-1', NULL, NULL, 4, 1, 1),
(3, 'Partner 2', 'Partner2@mail.com', 'aLqOrvUC2hDvKnqZmPMVUnP58DBcVfsaZDZBeLXJJSU=', '2016-03-11', '2016-03-19', '0', 'partner-2', NULL, NULL, 4, 1, 1),
(4, 'MA KITCHEN SERVICES', 'makitchen@mail.com', '7YA4vF+4Ux0Sk7sIuGa5J7vPg0DQonMV7vGddLMNJnw=', '2016-03-11', '2016-03-26', '1', 'ma-kitchen-services', NULL, NULL, 4, 1, 1),
(5, 'FY infotech Solutions', 'gm@fyinfotechsolutions.com', 'v4f2jbxscG+d1dwOETMpgFFkAs8qYndASoP5i8QJXZ4=', '2016-03-19', '2016-03-20', '0', 'fy-infotech-solutions', NULL, NULL, 4, 1, 1);

-- --------------------------------------------------------

--
-- Table structure for table `account_details`
--

CREATE TABLE `account_details` (
  `detailId` int(11) NOT NULL,
  `country` varchar(255) DEFAULT NULL,
  `city` varchar(255) DEFAULT NULL,
  `state` varchar(255) DEFAULT NULL,
  `address` varchar(255) DEFAULT NULL,
  `phone` varchar(255) DEFAULT NULL,
  `created` date DEFAULT NULL,
  `updated` date DEFAULT NULL,
  `status` int(11) DEFAULT NULL,
  `accountId` int(11) DEFAULT NULL,
  `Twitter` text,
  `Facebook` text,
  `LinkedIn` text,
  `Googleplus` text,
  `YouTube` text,
  `Instagram` text,
  `Pinterest` text,
  `SkypeID` text,
  `profile_pic` varchar(255) NOT NULL
) ENGINE=InnoDB DEFAULT CHARSET=latin1;

--
-- Dumping data for table `account_details`
--

INSERT INTO `account_details` (`detailId`, `country`, `city`, `state`, `address`, `phone`, `created`, `updated`, `status`, `accountId`, `Twitter`, `Facebook`, `LinkedIn`, `Googleplus`, `YouTube`, `Instagram`, `Pinterest`, `SkypeID`, `profile_pic`) VALUES
(1, 'Pakistan', 'Karachi', 'Sindh', 'Shahrah-e-Faisal', 'xxx-xxx-xxx', '2016-03-12', '2016-03-14', 1, 1, '', '', '', '', '', '', '', '', 'client-review-img1.png'),
(2, 'Pakistan', 'Karachi', 'Sindh', 'Shahrah-e-Faisal', 'xxx-xxx-xxx', '2016-03-11', '2016-03-19', 1, 2, '', '', '', '', '', '', '', '', 'Partner1.jpg'),
(3, 'Pakistan', 'Karachi', 'Sindh', 'Shahrah-e-Faisal', 'xxx-xxx-xxx', '2016-03-11', '2016-03-19', 1, 3, '', '', '', '', '', '', '', '', 'Partner2.jpg'),
(4, 'Pakistan', 'Karachi', 'Sindh', 'Shahrah-e-Faisal', 'xxx-xxx-xxx', '2016-03-11', '2016-03-26', 1, 4, '', '', '', '', '', '', '', '', 'MA_KITCHEN_SERVICES1.jpg'),
(5, 'Pakistan', 'Karachi', 'Sindh', 'Shahrah-e-Faisal', '0315-2433074', '2016-03-19', '2016-03-20', 1, 5, 'https://twitter.com/fytechsolutions', 'https://www.facebook.com/fytechsolutions', 'https://ca.linkedin.com/in/fytechsolutions', '', '', '', '', '', 'infotech.png');

-- --------------------------------------------------------

--
-- Table structure for table `account_type`
--

CREATE TABLE `account_type` (
  `typeId` int(11) NOT NULL,
  `name` varchar(255) DEFAULT NULL,
  `created` date DEFAULT NULL,
  `updated` date DEFAULT NULL,
  `status` int(11) DEFAULT NULL,
  `seo` varchar(255) DEFAULT NULL
) ENGINE=InnoDB DEFAULT CHARSET=latin1;

--
-- Dumping data for table `account_type`
--

INSERT INTO `account_type` (`typeId`, `name`, `created`, `updated`, `status`, `seo`) VALUES
(1, 'Admin', '2015-08-08', NULL, 1, 'admin'),
(2, 'Subadmin', '2015-08-08', NULL, 1, 'subadmin'),
(3, 'Users', '2015-08-08', NULL, 1, 'users'),
(4, 'Dealer', '2015-08-08', NULL, 1, 'dealer'),
(5, 'Developer', '2015-08-08', NULL, 1, 'developer');

-- --------------------------------------------------------

--
-- Table structure for table `categories`
--

CREATE TABLE `categories` (
  `catID` int(11) NOT NULL,
  `title` varchar(255) NOT NULL,
  `description` text NOT NULL,
  `image` varchar(255) NOT NULL,
  `created` date NOT NULL,
  `updated` date NOT NULL,
  `status` int(11) NOT NULL,
  `seo` varchar(255) NOT NULL,
  `accountId_created` int(11) NOT NULL,
  `accountId_updated` int(11) NOT NULL,
  `orderBy` int(11) DEFAULT NULL
) ENGINE=InnoDB DEFAULT CHARSET=latin1;

--
-- Dumping data for table `categories`
--

INSERT INTO `categories` (`catID`, `title`, `description`, `image`, `created`, `updated`, `status`, `seo`, `accountId_created`, `accountId_updated`, `orderBy`) VALUES
(1, 'BBQ', 'BBQ', 'about-img.jpg', '2016-03-11', '0000-00-00', 1, 'bbq', 1, 0, NULL),
(2, 'Fast Food', 'Fast Food', 'about-img1.jpg', '2016-03-11', '0000-00-00', 1, 'fast-food', 1, 0, NULL),
(3, 'Pizza', 'Pizza', 'about-img2.jpg', '2016-03-11', '0000-00-00', 1, 'pizza', 1, 0, NULL),
(4, 'Sweets', 'Sweets', 'about-img3.jpg', '2016-03-11', '0000-00-00', 1, 'sweets', 1, 0, NULL),
(5, 'Electronics', 'Electronics', 'about-img4.jpg', '2016-03-11', '0000-00-00', 1, 'electronics', 1, 0, NULL),
(6, 'Bakers', 'Bakers', 'about-img5.jpg', '2016-03-11', '0000-00-00', 1, 'bakers', 1, 0, NULL),
(7, 'Information Technology', 'Information Technology', 'about-img.jpg', '2016-03-19', '0000-00-00', 1, 'information-technology', 1, 0, NULL),
(8, 'Icecream', 'Ice cream', '123.jpg', '2016-03-20', '0000-00-00', 1, 'icecream', 1, 0, NULL),
(9, 'Tailors', 'Call now ', 'Tailors.jpg', '2016-03-20', '0000-00-00', 0, 'tailors', 1, 0, NULL),
(10, 'Tailors', 'Tailors', 'Tailors2.jpg', '2016-03-20', '2016-03-26', 1, 'tailors', 1, 1, NULL),
(11, 'MA KITCHEN SERVICES', 'MA delivery services provide home made khana the most convenient way to order call on 646646546 or log on to Infotwister. Homemade khana services', 'MA_KITCHEN_SERVICES.jpg', '2016-03-26', '2016-03-26', 1, 'ma-kitchen-services', 1, 1, NULL),
(12, 'Monday', 'Monday', 'MA_KITCHEN_SERVICES3.jpg', '2016-03-26', '0000-00-00', 1, 'monday', 1, 0, NULL),
(13, 'Tuesday', 'Tuesday', 'MA_KITCHEN_SERVICES4.jpg', '2016-03-26', '0000-00-00', 1, 'tuesday', 1, 0, NULL),
(14, 'Wednesday', 'Wednesday', 'MA_KITCHEN_SERVICES5.jpg', '2016-03-26', '0000-00-00', 1, 'wednesday', 1, 0, NULL),
(15, 'Thursday', 'Thursday', 'MA_KITCHEN_SERVICES6.jpg', '2016-03-26', '0000-00-00', 1, 'thursday', 1, 0, NULL),
(16, 'Friday   ', 'Friday   ', 'MA_KITCHEN_SERVICES7.jpg', '2016-03-26', '0000-00-00', 1, 'friday', 1, 0, NULL),
(17, 'Saturday ', 'Saturday ', 'MA_KITCHEN_SERVICES8.jpg', '2016-03-26', '0000-00-00', 1, 'saturday', 1, 0, NULL),
(18, 'Sunday ', 'Sunday ', 'MA_KITCHEN_SERVICES9.jpg', '2016-03-26', '0000-00-00', 1, 'sunday', 1, 0, NULL);

-- --------------------------------------------------------

--
-- Table structure for table `current_users`
--

CREATE TABLE `current_users` (
  `id` int(11) NOT NULL,
  `user_ip` varchar(255) NOT NULL,
  `created` date NOT NULL
) ENGINE=InnoDB DEFAULT CHARSET=latin1;

--
-- Dumping data for table `current_users`
--

INSERT INTO `current_users` (`id`, `user_ip`, `created`) VALUES
(1, '::1', '2016-03-11'),
(2, '::1', '2016-03-11'),
(3, '::1', '2016-03-11'),
(4, '::1', '2016-03-11'),
(5, '::1', '2016-03-11'),
(6, '::1', '2016-03-11'),
(7, '::1', '2016-03-11'),
(8, '::1', '2016-03-11'),
(9, '::1', '2016-03-11'),
(10, '::1', '2016-03-11'),
(11, '::1', '2016-03-11'),
(12, '::1', '2016-03-11'),
(13, '::1', '2016-03-11'),
(14, '::1', '2016-03-11'),
(15, '::1', '2016-03-11'),
(16, '::1', '2016-03-11'),
(17, '::1', '2016-03-11'),
(18, '::1', '2016-03-11'),
(19, '::1', '2016-03-11'),
(20, '::1', '2016-03-11'),
(21, '::1', '2016-03-11'),
(22, '::1', '2016-03-11'),
(23, '::1', '2016-03-11'),
(24, '::1', '2016-03-11'),
(25, '::1', '2016-03-11'),
(26, '::1', '2016-03-11'),
(27, '::1', '2016-03-11'),
(28, '::1', '2016-03-11'),
(29, '::1', '2016-03-11'),
(30, '::1', '2016-03-11'),
(31, '::1', '2016-03-11'),
(32, '::1', '2016-03-11'),
(33, '::1', '2016-03-11'),
(34, '::1', '2016-03-11'),
(35, '::1', '2016-03-11'),
(36, '::1', '2016-03-11'),
(37, '::1', '2016-03-11'),
(38, '::1', '2016-03-11'),
(39, '::1', '2016-03-11'),
(40, '::1', '2016-03-11'),
(41, '::1', '2016-03-11'),
(42, '::1', '2016-03-11'),
(43, '::1', '2016-03-11'),
(44, '::1', '2016-03-11'),
(45, '::1', '2016-03-11'),
(46, '::1', '2016-03-11'),
(47, '::1', '2016-03-11'),
(48, '::1', '2016-03-11'),
(49, '::1', '2016-03-11'),
(50, '::1', '2016-03-11'),
(51, '::1', '2016-03-11'),
(52, '::1', '2016-03-12'),
(53, '::1', '2016-03-12'),
(54, '::1', '2016-03-12'),
(55, '::1', '2016-03-12'),
(56, '::1', '2016-03-12'),
(57, '::1', '2016-03-12'),
(58, '::1', '2016-03-12'),
(59, '::1', '2016-03-12'),
(60, '::1', '2016-03-12'),
(61, '::1', '2016-03-12'),
(62, '::1', '2016-03-12'),
(63, '::1', '2016-03-12'),
(64, '::1', '2016-03-12'),
(65, '::1', '2016-03-12'),
(66, '::1', '2016-03-12'),
(67, '::1', '2016-03-12'),
(68, '::1', '2016-03-12'),
(69, '::1', '2016-03-12'),
(70, '::1', '2016-03-12'),
(71, '::1', '2016-03-12'),
(72, '::1', '2016-03-12'),
(73, '::1', '2016-03-12'),
(74, '::1', '2016-03-12'),
(75, '::1', '2016-03-12'),
(76, '::1', '2016-03-12'),
(77, '::1', '2016-03-12'),
(78, '::1', '2016-03-12'),
(79, '::1', '2016-03-12'),
(80, '::1', '2016-03-12'),
(81, '::1', '2016-03-12'),
(82, '::1', '2016-03-12'),
(83, '::1', '2016-03-12'),
(84, '::1', '2016-03-12'),
(85, '::1', '2016-03-12'),
(86, '::1', '2016-03-12'),
(87, '::1', '2016-03-12'),
(88, '::1', '2016-03-12'),
(89, '::1', '2016-03-12'),
(90, '::1', '2016-03-12'),
(91, '::1', '2016-03-12'),
(92, '::1', '2016-03-12'),
(93, '::1', '2016-03-12'),
(94, '::1', '2016-03-12'),
(95, '::1', '2016-03-12'),
(96, '::1', '2016-03-12'),
(97, '::1', '2016-03-12'),
(98, '::1', '2016-03-12'),
(99, '::1', '2016-03-12'),
(100, '::1', '2016-03-12'),
(101, '::1', '2016-03-12'),
(102, '::1', '2016-03-12'),
(103, '::1', '2016-03-12'),
(104, '::1', '2016-03-12'),
(105, '::1', '2016-03-12'),
(106, '::1', '2016-03-12'),
(107, '::1', '2016-03-12'),
(108, '::1', '2016-03-12'),
(109, '::1', '2016-03-12'),
(110, '::1', '2016-03-12'),
(111, '::1', '2016-03-12'),
(112, '::1', '2016-03-12'),
(113, '::1', '2016-03-12'),
(114, '::1', '2016-03-12'),
(115, '::1', '2016-03-12'),
(116, '::1', '2016-03-12'),
(117, '::1', '2016-03-12'),
(118, '::1', '2016-03-12'),
(119, '::1', '2016-03-12'),
(120, '::1', '2016-03-12'),
(121, '::1', '2016-03-12'),
(122, '::1', '2016-03-12'),
(123, '::1', '2016-03-12'),
(124, '::1', '2016-03-12'),
(125, '::1', '2016-03-12'),
(126, '::1', '2016-03-12'),
(127, '::1', '2016-03-12'),
(128, '::1', '2016-03-12'),
(129, '::1', '2016-03-12'),
(130, '::1', '2016-03-12'),
(131, '::1', '2016-03-12'),
(132, '::1', '2016-03-12'),
(133, '::1', '2016-03-12'),
(134, '::1', '2016-03-12'),
(135, '::1', '2016-03-12'),
(136, '::1', '2016-03-12'),
(137, '::1', '2016-03-12'),
(138, '::1', '2016-03-12'),
(139, '::1', '2016-03-12'),
(140, '::1', '2016-03-12'),
(141, '::1', '2016-03-12'),
(142, '::1', '2016-03-12'),
(143, '::1', '2016-03-12'),
(144, '::1', '2016-03-12'),
(145, '::1', '2016-03-12'),
(146, '::1', '2016-03-12'),
(147, '::1', '2016-03-12'),
(148, '::1', '2016-03-12'),
(149, '::1', '2016-03-12'),
(150, '::1', '2016-03-12'),
(151, '::1', '2016-03-12'),
(152, '::1', '2016-03-12'),
(153, '::1', '2016-03-12'),
(154, '::1', '2016-03-12'),
(155, '::1', '2016-03-12'),
(156, '::1', '2016-03-12'),
(157, '::1', '2016-03-12'),
(158, '::1', '2016-03-12'),
(159, '::1', '2016-03-12'),
(160, '::1', '2016-03-12'),
(161, '::1', '2016-03-12'),
(162, '::1', '2016-03-12'),
(163, '::1', '2016-03-12'),
(164, '::1', '2016-03-12'),
(165, '::1', '2016-03-12'),
(166, '::1', '2016-03-12'),
(167, '::1', '2016-03-12'),
(168, '::1', '2016-03-12'),
(169, '::1', '2016-03-12'),
(170, '::1', '2016-03-12'),
(171, '::1', '2016-03-12'),
(172, '::1', '2016-03-12'),
(173, '::1', '2016-03-12'),
(174, '::1', '2016-03-12'),
(175, '::1', '2016-03-12'),
(176, '::1', '2016-03-12'),
(177, '::1', '2016-03-12'),
(178, '::1', '2016-03-12'),
(179, '::1', '2016-03-12'),
(180, '::1', '2016-03-12'),
(181, '::1', '2016-03-12'),
(182, '::1', '2016-03-12'),
(183, '::1', '2016-03-13'),
(184, '::1', '2016-03-13'),
(185, '::1', '2016-03-13'),
(186, '::1', '2016-03-13'),
(187, '::1', '2016-03-13'),
(188, '::1', '2016-03-13'),
(189, '::1', '2016-03-13'),
(190, '::1', '2016-03-13'),
(191, '::1', '2016-03-13'),
(192, '::1', '2016-03-13'),
(193, '::1', '2016-03-13'),
(194, '::1', '2016-03-13'),
(195, '::1', '2016-03-13'),
(196, '::1', '2016-03-13'),
(197, '::1', '2016-03-13'),
(198, '::1', '2016-03-13'),
(199, '::1', '2016-03-13'),
(200, '::1', '2016-03-13'),
(201, '::1', '2016-03-13'),
(202, '::1', '2016-03-13'),
(203, '::1', '2016-03-13'),
(204, '::1', '2016-03-13'),
(205, '::1', '2016-03-13'),
(206, '::1', '2016-03-13'),
(207, '::1', '2016-03-13'),
(208, '::1', '2016-03-13'),
(209, '::1', '2016-03-13'),
(210, '::1', '2016-03-13'),
(211, '::1', '2016-03-13'),
(212, '::1', '2016-03-13'),
(213, '::1', '2016-03-13'),
(214, '::1', '2016-03-13'),
(215, '::1', '2016-03-13'),
(216, '::1', '2016-03-13'),
(217, '::1', '2016-03-13'),
(218, '::1', '2016-03-13'),
(219, '::1', '2016-03-13'),
(220, '::1', '2016-03-13'),
(221, '::1', '2016-03-13'),
(222, '::1', '2016-03-13'),
(223, '::1', '2016-03-13'),
(224, '::1', '2016-03-13'),
(225, '::1', '2016-03-13'),
(226, '::1', '2016-03-13'),
(227, '::1', '2016-03-13'),
(228, '::1', '2016-03-13'),
(229, '::1', '2016-03-13'),
(230, '::1', '2016-03-13'),
(231, '::1', '2016-03-13'),
(232, '::1', '2016-03-13'),
(233, '::1', '2016-03-13'),
(234, '::1', '2016-03-13'),
(235, '::1', '2016-03-13'),
(236, '::1', '2016-03-13'),
(237, '::1', '2016-03-13'),
(238, '::1', '2016-03-13'),
(239, '::1', '2016-03-13'),
(240, '::1', '2016-03-13'),
(241, '::1', '2016-03-14'),
(242, '::1', '2016-03-14'),
(243, '::1', '2016-03-14'),
(244, '::1', '2016-03-14'),
(245, '::1', '2016-03-14'),
(246, '::1', '2016-03-14'),
(247, '::1', '2016-03-14'),
(248, '::1', '2016-03-14'),
(249, '::1', '2016-03-14'),
(250, '::1', '2016-03-14'),
(251, '::1', '2016-03-14'),
(252, '::1', '2016-03-14'),
(253, '::1', '2016-03-14'),
(254, '::1', '2016-03-14'),
(255, '::1', '2016-03-14'),
(256, '::1', '2016-03-14'),
(257, '::1', '2016-03-14'),
(258, '::1', '2016-03-14'),
(259, '::1', '2016-03-14'),
(260, '::1', '2016-03-14'),
(261, '::1', '2016-03-14'),
(262, '::1', '2016-03-14'),
(263, '::1', '2016-03-14'),
(264, '::1', '2016-03-14'),
(265, '::1', '2016-03-14'),
(266, '::1', '2016-03-14'),
(267, '::1', '2016-03-14'),
(268, '::1', '2016-03-14'),
(269, '125.209.86.194', '2016-03-14'),
(270, '125.209.86.194', '2016-03-14'),
(271, '125.209.86.194', '2016-03-14'),
(272, '125.209.86.194', '2016-03-14'),
(273, '111.92.146.7', '2016-03-14'),
(274, '39.48.38.76', '2016-03-14'),
(275, '39.48.38.76', '2016-03-14'),
(276, '39.48.38.76', '2016-03-14'),
(277, '39.48.38.76', '2016-03-14'),
(278, '23.101.61.176', '2016-03-14'),
(279, '111.92.146.7', '2016-03-14'),
(280, '111.92.146.7', '2016-03-14'),
(281, '111.92.146.7', '2016-03-14'),
(282, '111.92.146.7', '2016-03-14'),
(283, '111.92.146.7', '2016-03-14'),
(284, '111.92.146.7', '2016-03-14'),
(285, '111.92.146.7', '2016-03-14'),
(286, '111.92.146.7', '2016-03-14'),
(287, '111.92.146.7', '2016-03-14'),
(288, '111.92.146.7', '2016-03-14'),
(289, '111.92.146.7', '2016-03-14'),
(290, '111.92.146.7', '2016-03-14'),
(291, '111.92.146.7', '2016-03-14'),
(292, '111.92.146.7', '2016-03-14'),
(293, '40.78.146.128', '2016-03-14'),
(294, '111.92.137.222', '2016-03-14'),
(295, '111.88.165.213', '2016-03-14'),
(296, '111.88.243.152', '2016-03-14'),
(297, '111.88.165.213', '2016-03-14'),
(298, '111.88.165.213', '2016-03-14'),
(299, '111.88.165.213', '2016-03-14'),
(300, '111.88.165.213', '2016-03-14'),
(301, '111.88.165.213', '2016-03-14'),
(302, '111.88.165.213', '2016-03-14'),
(303, '111.88.165.213', '2016-03-14'),
(304, '111.88.165.213', '2016-03-14'),
(305, '104.209.188.207', '2016-03-15'),
(306, '50.93.107.155', '2016-03-15'),
(307, '125.209.86.194', '2016-03-15'),
(308, '125.209.86.194', '2016-03-15'),
(309, '125.209.86.194', '2016-03-15'),
(310, '125.209.86.194', '2016-03-15'),
(311, '125.209.86.194', '2016-03-15'),
(312, '125.209.86.194', '2016-03-15'),
(313, '125.209.86.194', '2016-03-15'),
(314, '111.88.241.190', '2016-03-15'),
(315, '43.247.123.233', '2016-03-15'),
(316, '43.247.123.233', '2016-03-15'),
(317, '43.247.123.233', '2016-03-15'),
(318, '43.247.123.233', '2016-03-15'),
(319, '43.247.123.233', '2016-03-15'),
(320, '43.247.123.233', '2016-03-15'),
(321, '43.247.123.233', '2016-03-15'),
(322, '39.57.47.68', '2016-03-15'),
(323, '43.247.123.233', '2016-03-15'),
(324, '94.10.153.22', '2016-03-16'),
(325, '111.92.146.161', '2016-03-16'),
(326, '111.88.186.251', '2016-03-16'),
(327, '111.88.161.201', '2016-03-16'),
(328, '111.88.161.201', '2016-03-16'),
(329, '40.78.146.128', '2016-03-16'),
(330, '111.88.161.201', '2016-03-16'),
(331, '111.88.161.201', '2016-03-16'),
(332, '111.88.161.201', '2016-03-16'),
(333, '111.88.161.201', '2016-03-16'),
(334, '111.88.161.201', '2016-03-16'),
(335, '111.88.161.201', '2016-03-16'),
(336, '111.88.161.201', '2016-03-16'),
(337, '111.88.161.201', '2016-03-16'),
(338, '111.88.161.201', '2016-03-16'),
(339, '111.88.161.201', '2016-03-16'),
(340, '111.88.161.201', '2016-03-16'),
(341, '111.88.161.201', '2016-03-16'),
(342, '111.88.161.201', '2016-03-16'),
(343, '111.88.161.201', '2016-03-16'),
(344, '111.88.161.201', '2016-03-16'),
(345, '124.29.235.211', '2016-03-16'),
(346, '124.29.235.211', '2016-03-16'),
(347, '124.29.235.211', '2016-03-17'),
(348, '124.29.235.211', '2016-03-17'),
(349, '124.29.235.211', '2016-03-17'),
(350, '111.88.242.159', '2016-03-17'),
(351, '111.88.169.198', '2016-03-19'),
(352, '111.88.241.89', '2016-03-19'),
(353, '111.88.241.89', '2016-03-19'),
(354, '111.88.241.89', '2016-03-19'),
(355, '111.88.241.89', '2016-03-19'),
(356, '111.88.241.89', '2016-03-19'),
(357, '111.88.241.89', '2016-03-19'),
(358, '111.88.241.89', '2016-03-19'),
(359, '111.88.241.89', '2016-03-19'),
(360, '111.88.241.89', '2016-03-19'),
(361, '111.88.241.89', '2016-03-19'),
(362, '111.88.241.89', '2016-03-19'),
(363, '111.88.241.89', '2016-03-19'),
(364, '111.88.241.89', '2016-03-19'),
(365, '111.88.241.89', '2016-03-19'),
(366, '111.88.241.89', '2016-03-19'),
(367, '111.88.241.89', '2016-03-19'),
(368, '111.92.157.4', '2016-03-19'),
(369, '111.92.157.4', '2016-03-19'),
(370, '111.92.157.4', '2016-03-19'),
(371, '111.92.157.4', '2016-03-19'),
(372, '111.92.157.4', '2016-03-19'),
(373, '111.88.241.89', '2016-03-20'),
(374, '111.88.241.89', '2016-03-20'),
(375, '111.88.241.89', '2016-03-20'),
(376, '111.88.241.89', '2016-03-20'),
(377, '111.88.241.89', '2016-03-20'),
(378, '111.88.241.89', '2016-03-20'),
(379, '111.88.241.89', '2016-03-20'),
(380, '124.29.235.211', '2016-03-20'),
(381, '124.29.235.211', '2016-03-20'),
(382, '124.29.235.211', '2016-03-20'),
(383, '111.88.241.89', '2016-03-20'),
(384, '119.157.188.117', '2016-03-20'),
(385, '111.88.241.89', '2016-03-20'),
(386, '111.88.241.89', '2016-03-20'),
(387, '111.88.241.89', '2016-03-20'),
(388, '111.88.241.89', '2016-03-20'),
(389, '111.88.241.89', '2016-03-20'),
(390, '111.88.241.89', '2016-03-20'),
(391, '111.88.241.89', '2016-03-20'),
(392, '111.88.241.89', '2016-03-20'),
(393, '111.88.241.89', '2016-03-20'),
(394, '111.88.241.89', '2016-03-20'),
(395, '111.88.241.89', '2016-03-20'),
(396, '111.88.241.89', '2016-03-20'),
(397, '111.88.241.89', '2016-03-20'),
(398, '111.88.241.89', '2016-03-20'),
(399, '111.88.241.89', '2016-03-20'),
(400, '111.88.241.89', '2016-03-20'),
(401, '111.88.241.89', '2016-03-20'),
(402, '111.88.241.89', '2016-03-20'),
(403, '111.88.241.89', '2016-03-20'),
(404, '111.88.241.89', '2016-03-20'),
(405, '111.88.241.89', '2016-03-20'),
(406, '111.88.241.89', '2016-03-20'),
(407, '111.88.241.89', '2016-03-20'),
(408, '111.88.241.89', '2016-03-20'),
(409, '111.88.241.89', '2016-03-20'),
(410, '111.88.241.89', '2016-03-20'),
(411, '111.88.241.89', '2016-03-20'),
(412, '111.88.241.89', '2016-03-20'),
(413, '111.88.160.162', '2016-03-20'),
(414, '111.88.160.162', '2016-03-20'),
(415, '111.88.160.162', '2016-03-20'),
(416, '111.88.160.162', '2016-03-20'),
(417, '111.88.160.162', '2016-03-20'),
(418, '111.88.160.162', '2016-03-20'),
(419, '111.88.160.162', '2016-03-20'),
(420, '111.88.160.162', '2016-03-20'),
(421, '111.88.160.162', '2016-03-20'),
(422, '111.88.160.162', '2016-03-20'),
(423, '111.88.160.162', '2016-03-20'),
(424, '111.88.160.162', '2016-03-20'),
(425, '111.88.160.162', '2016-03-20'),
(426, '111.88.160.162', '2016-03-20'),
(427, '111.88.160.162', '2016-03-20'),
(428, '111.88.160.162', '2016-03-20'),
(429, '111.88.160.162', '2016-03-20'),
(430, '111.88.160.162', '2016-03-20'),
(431, '111.88.160.162', '2016-03-20'),
(432, '111.88.160.162', '2016-03-20'),
(433, '111.88.160.162', '2016-03-20'),
(434, '111.88.160.162', '2016-03-20'),
(435, '111.88.160.162', '2016-03-20'),
(436, '111.88.160.162', '2016-03-20'),
(437, '111.88.241.89', '2016-03-20'),
(438, '111.88.241.89', '2016-03-20'),
(439, '111.88.241.89', '2016-03-20'),
(440, '111.88.241.89', '2016-03-20'),
(441, '111.88.241.89', '2016-03-20'),
(442, '111.88.160.162', '2016-03-20'),
(443, '111.88.160.162', '2016-03-20'),
(444, '111.88.241.89', '2016-03-20'),
(445, '111.88.241.89', '2016-03-20'),
(446, '111.88.241.89', '2016-03-20'),
(447, '111.88.241.89', '2016-03-20'),
(448, '111.88.241.89', '2016-03-20'),
(449, '111.88.241.89', '2016-03-20'),
(450, '111.88.241.89', '2016-03-20'),
(451, '111.88.160.162', '2016-03-20'),
(452, '111.88.160.162', '2016-03-20'),
(453, '111.88.160.162', '2016-03-20'),
(454, '111.88.160.162', '2016-03-20'),
(455, '111.88.160.162', '2016-03-20'),
(456, '111.88.160.162', '2016-03-20'),
(457, '111.88.160.162', '2016-03-20'),
(458, '111.88.160.162', '2016-03-20'),
(459, '125.209.86.194', '2016-03-21'),
(460, '125.209.86.194', '2016-03-21'),
(461, '125.209.86.194', '2016-03-21'),
(462, '125.209.86.194', '2016-03-21'),
(463, '125.209.86.194', '2016-03-21'),
(464, '125.209.86.194', '2016-03-21'),
(465, '125.209.86.194', '2016-03-21'),
(466, '125.209.86.194', '2016-03-21'),
(467, '125.209.86.194', '2016-03-21'),
(468, '125.209.86.194', '2016-03-21'),
(469, '125.209.86.194', '2016-03-21'),
(470, '104.45.18.178', '2016-03-21'),
(471, '125.209.86.194', '2016-03-21'),
(472, '111.88.158.133', '2016-03-21'),
(473, '125.209.86.194', '2016-03-21'),
(474, '125.209.86.194', '2016-03-21'),
(475, '104.45.18.178', '2016-03-21'),
(476, '111.88.158.133', '2016-03-21'),
(477, '125.209.86.194', '2016-03-22'),
(478, '111.88.158.133', '2016-03-22'),
(479, '111.88.158.133', '2016-03-22'),
(480, '111.88.158.133', '2016-03-22'),
(481, '111.88.158.133', '2016-03-22'),
(482, '111.88.158.133', '2016-03-22'),
(483, '111.88.158.133', '2016-03-22'),
(484, '111.88.1.130', '2016-03-26'),
(485, '111.88.1.130', '2016-03-26'),
(486, '111.88.1.130', '2016-03-26'),
(487, '111.88.1.130', '2016-03-26'),
(488, '111.88.1.130', '2016-03-26'),
(489, '111.88.1.130', '2016-03-26'),
(490, '111.88.1.130', '2016-03-26'),
(491, '111.88.1.130', '2016-03-26'),
(492, '111.88.1.130', '2016-03-26'),
(493, '111.88.1.130', '2016-03-26'),
(494, '111.88.1.130', '2016-03-26'),
(495, '111.88.1.130', '2016-03-26'),
(496, '111.88.1.130', '2016-03-26'),
(497, '111.88.1.130', '2016-03-26'),
(498, '111.88.1.130', '2016-03-26'),
(499, '111.88.1.130', '2016-03-26'),
(500, '111.88.1.130', '2016-03-26'),
(501, '111.88.1.130', '2016-03-26'),
(502, '111.88.1.130', '2016-03-26'),
(503, '111.88.1.130', '2016-03-26'),
(504, '111.88.1.130', '2016-03-26'),
(505, '111.88.1.130', '2016-03-26'),
(506, '111.88.1.130', '2016-03-26'),
(507, '111.88.1.130', '2016-03-26'),
(508, '111.88.1.130', '2016-03-26'),
(509, '111.88.1.130', '2016-03-26'),
(510, '111.88.1.130', '2016-03-26'),
(511, '111.88.1.130', '2016-03-26'),
(512, '111.88.1.130', '2016-03-26'),
(513, '111.88.1.130', '2016-03-26'),
(514, '111.88.1.130', '2016-03-26'),
(515, '111.88.1.130', '2016-03-26'),
(516, '111.88.244.209', '2016-03-27'),
(517, '111.88.244.209', '2016-03-27'),
(518, '111.88.244.209', '2016-03-27'),
(519, '111.88.244.209', '2016-03-27'),
(520, '111.88.244.209', '2016-03-27'),
(521, '111.88.244.209', '2016-03-27'),
(522, '111.88.244.209', '2016-03-27'),
(523, '111.88.244.209', '2016-03-27'),
(524, '111.88.244.209', '2016-03-27'),
(525, '111.88.244.209', '2016-03-27'),
(526, '111.88.153.82', '2016-03-27'),
(527, '111.88.153.82', '2016-03-27'),
(528, '125.209.86.194', '2016-03-27'),
(529, '111.88.149.152', '2016-04-01'),
(530, '111.88.149.152', '2016-04-01'),
(531, '14.192.136.30', '2016-04-01'),
(532, '14.192.136.30', '2016-04-01'),
(533, '115.167.90.165', '2016-04-01'),
(534, '192.34.60.103', '2016-04-01'),
(535, '89.145.95.41', '2016-04-01'),
(536, '115.167.90.165', '2016-04-01'),
(537, '115.167.90.165', '2016-04-01'),
(538, '66.249.75.158', '2016-04-01'),
(539, '115.167.90.165', '2016-04-02'),
(540, '115.167.90.165', '2016-04-02'),
(541, '115.167.90.165', '2016-04-02'),
(542, '115.167.90.165', '2016-04-02'),
(543, '115.167.90.165', '2016-04-02'),
(544, '111.88.252.171', '2016-04-02'),
(545, '14.192.137.16', '2016-04-03'),
(546, '119.159.27.152', '2016-04-03'),
(547, '14.192.137.16', '2016-04-03'),
(548, '119.159.27.152', '2016-04-03'),
(549, '104.236.222.79', '2016-04-03'),
(550, '119.159.27.152', '2016-04-03'),
(551, '119.159.27.152', '2016-04-03'),
(552, '119.159.27.152', '2016-04-03'),
(553, '159.203.4.15', '2016-04-03'),
(554, '119.159.27.152', '2016-04-03'),
(555, '14.192.137.16', '2016-04-03'),
(556, '119.159.27.152', '2016-04-03'),
(557, '192.34.60.103', '2016-04-03'),
(558, '119.159.27.152', '2016-04-03'),
(559, '192.241.234.4', '2016-04-03'),
(560, '119.159.27.152', '2016-04-03'),
(561, '119.159.27.152', '2016-04-03'),
(562, '119.159.27.152', '2016-04-03'),
(563, '119.159.27.152', '2016-04-03'),
(564, '14.192.137.16', '2016-04-03'),
(565, '14.192.137.16', '2016-04-03'),
(566, '14.192.137.16', '2016-04-03'),
(567, '14.192.137.16', '2016-04-03'),
(568, '14.192.137.16', '2016-04-03'),
(569, '::1', '2016-04-06'),
(570, '::1', '2016-04-06'),
(571, '::1', '2016-04-06'),
(572, '::1', '2016-04-06'),
(573, '::1', '2016-04-06'),
(574, '::1', '2016-04-06'),
(575, '::1', '2016-04-06'),
(576, '::1', '2016-04-06'),
(577, '::1', '2016-04-06'),
(578, '::1', '2016-04-06'),
(579, '::1', '2016-04-06'),
(580, '::1', '2016-04-06'),
(581, '::1', '2016-04-06'),
(582, '::1', '2016-04-06'),
(583, '::1', '2016-04-06'),
(584, '::1', '2016-04-06'),
(585, '::1', '2016-04-06'),
(586, '::1', '2016-04-06'),
(587, '::1', '2016-04-06'),
(588, '::1', '2016-04-06'),
(589, '::1', '2016-04-06'),
(590, '::1', '2016-04-06'),
(591, '::1', '2016-04-06'),
(592, '::1', '2016-04-06'),
(593, '::1', '2016-04-06'),
(594, '::1', '2016-04-06'),
(595, '::1', '2016-04-06'),
(596, '::1', '2016-04-06'),
(597, '::1', '2016-04-06'),
(598, '::1', '2016-04-06'),
(599, '::1', '2016-04-06'),
(600, '::1', '2016-04-06'),
(601, '::1', '2016-04-06'),
(602, '::1', '2016-04-06'),
(603, '::1', '2016-04-06'),
(604, '::1', '2016-04-06'),
(605, '::1', '2016-04-06'),
(606, '::1', '2016-04-06'),
(607, '::1', '2016-04-06'),
(608, '::1', '2016-04-06'),
(609, '::1', '2016-04-06'),
(610, '::1', '2016-04-06'),
(611, '::1', '2016-04-06'),
(612, '::1', '2016-04-06'),
(613, '::1', '2016-04-06'),
(614, '::1', '2016-04-06'),
(615, '::1', '2016-04-06'),
(616, '::1', '2016-04-06'),
(617, '::1', '2016-04-06'),
(618, '::1', '2016-04-06'),
(619, '::1', '2016-04-06'),
(620, '::1', '2016-04-06'),
(621, '::1', '2016-04-06'),
(622, '::1', '2016-04-06'),
(623, '::1', '2016-04-06'),
(624, '::1', '2016-04-06'),
(625, '::1', '2016-04-06'),
(626, '::1', '2016-04-06'),
(627, '::1', '2016-04-07'),
(628, '::1', '2016-04-07'),
(629, '::1', '2016-04-07'),
(630, '::1', '2016-04-10'),
(631, '::1', '2016-04-10'),
(632, '::1', '2016-04-10'),
(633, '::1', '2016-04-10'),
(634, '::1', '2016-04-10'),
(635, '::1', '2016-04-10'),
(636, '::1', '2016-04-10'),
(637, '::1', '2016-04-10'),
(638, '::1', '2016-04-10'),
(639, '::1', '2016-04-10'),
(640, '::1', '2016-04-10'),
(641, '::1', '2016-04-10'),
(642, '::1', '2016-04-10'),
(643, '::1', '2016-04-10'),
(644, '::1', '2016-04-10'),
(645, '::1', '2016-04-10'),
(646, '::1', '2016-04-10'),
(647, '::1', '2016-04-10'),
(648, '::1', '2016-04-10'),
(649, '::1', '2016-04-10'),
(650, '::1', '2016-04-10'),
(651, '::1', '2016-04-10'),
(652, '::1', '2016-04-10'),
(653, '::1', '2016-04-10'),
(654, '::1', '2016-04-10'),
(655, '::1', '2016-04-10'),
(656, '::1', '2016-04-10'),
(657, '::1', '2016-04-10'),
(658, '::1', '2016-04-10'),
(659, '::1', '2016-04-10'),
(660, '::1', '2016-04-10'),
(661, '::1', '2016-04-10'),
(662, '::1', '2016-04-10'),
(663, '::1', '2016-04-10'),
(664, '::1', '2016-04-10'),
(665, '::1', '2016-04-10'),
(666, '::1', '2016-04-10'),
(667, '::1', '2016-04-10'),
(668, '::1', '2016-04-10'),
(669, '::1', '2016-04-10'),
(670, '::1', '2016-04-10'),
(671, '::1', '2016-04-10'),
(672, '::1', '2016-04-10'),
(673, '::1', '2016-04-10'),
(674, '::1', '2016-04-10'),
(675, '::1', '2016-04-10'),
(676, '::1', '2016-04-10'),
(677, '::1', '2016-04-10'),
(678, '::1', '2016-04-10'),
(679, '::1', '2016-04-10'),
(680, '::1', '2016-04-10'),
(681, '::1', '2016-04-10'),
(682, '::1', '2016-04-10'),
(683, '::1', '2016-04-10'),
(684, '::1', '2016-04-10'),
(685, '::1', '2016-04-10'),
(686, '::1', '2016-04-10'),
(687, '::1', '2016-04-10'),
(688, '::1', '2016-04-10'),
(689, '::1', '2016-04-10'),
(690, '::1', '2016-04-10'),
(691, '::1', '2016-04-10'),
(692, '::1', '2016-04-10'),
(693, '::1', '2016-04-10'),
(694, '::1', '2016-04-10'),
(695, '::1', '2016-04-10'),
(696, '::1', '2016-04-10'),
(697, '::1', '2016-04-10'),
(698, '::1', '2016-04-10'),
(699, '::1', '2016-04-10'),
(700, '::1', '2016-04-10'),
(701, '::1', '2016-04-10'),
(702, '::1', '2016-04-10'),
(703, '::1', '2016-04-10'),
(704, '::1', '2016-04-10'),
(705, '::1', '2016-04-10'),
(706, '::1', '2016-04-10'),
(707, '::1', '2016-04-10'),
(708, '::1', '2016-04-10'),
(709, '::1', '2016-04-10'),
(710, '::1', '2016-04-10'),
(711, '::1', '2016-04-10'),
(712, '::1', '2016-04-10'),
(713, '::1', '2016-04-10'),
(714, '::1', '2016-04-10'),
(715, '::1', '2016-04-10'),
(716, '::1', '2016-04-10'),
(717, '::1', '2016-04-10'),
(718, '::1', '2016-04-10'),
(719, '::1', '2016-04-10'),
(720, '::1', '2016-04-10'),
(721, '::1', '2016-04-10'),
(722, '::1', '2016-04-10'),
(723, '::1', '2016-04-10'),
(724, '::1', '2016-04-10'),
(725, '::1', '2016-04-10'),
(726, '::1', '2016-04-10'),
(727, '::1', '2016-04-10'),
(728, '::1', '2016-04-10'),
(729, '::1', '2016-04-10'),
(730, '::1', '2016-04-10'),
(731, '::1', '2016-04-10'),
(732, '::1', '2016-04-10'),
(733, '::1', '2016-04-10'),
(734, '::1', '2016-04-10'),
(735, '::1', '2016-04-10'),
(736, '::1', '2016-04-10'),
(737, '::1', '2016-04-10'),
(738, '::1', '2016-04-10'),
(739, '::1', '2016-04-10'),
(740, '::1', '2016-04-10'),
(741, '::1', '2016-04-10'),
(742, '::1', '2016-04-10'),
(743, '::1', '2016-04-10'),
(744, '::1', '2016-04-10'),
(745, '::1', '2016-04-10'),
(746, '::1', '2016-04-10'),
(747, '::1', '2016-04-10'),
(748, '::1', '2016-04-10'),
(749, '::1', '2016-04-10'),
(750, '::1', '2016-10-31'),
(751, '::1', '2016-10-31'),
(752, '::1', '2016-10-31'),
(753, '::1', '2016-10-31'),
(754, '::1', '2016-10-31'),
(755, '::1', '2016-10-31'),
(756, '::1', '2016-10-31'),
(757, '::1', '2016-10-31'),
(758, '::1', '2016-10-31');

-- --------------------------------------------------------

--
-- Table structure for table `customer_order`
--

CREATE TABLE `customer_order` (
  `orderId` int(11) NOT NULL,
  `email` varchar(255) DEFAULT NULL,
  `phone` varchar(255) NOT NULL,
  `name` varchar(255) NOT NULL,
  `address` varchar(255) NOT NULL,
  `partnerId` int(11) NOT NULL,
  `status` int(11) NOT NULL,
  `created` date NOT NULL,
  `view_order` int(11) NOT NULL,
  `send_email` int(11) NOT NULL
) ENGINE=InnoDB DEFAULT CHARSET=latin1;

-- --------------------------------------------------------

--
-- Table structure for table `order_details`
--

CREATE TABLE `order_details` (
  `detailId` int(11) NOT NULL,
  `item` varchar(255) NOT NULL,
  `qty` varchar(255) NOT NULL,
  `price` varchar(255) NOT NULL,
  `orderId` int(11) NOT NULL
) ENGINE=InnoDB DEFAULT CHARSET=utf8;

-- --------------------------------------------------------

--
-- Table structure for table `pages_post`
--

CREATE TABLE `pages_post` (
  `pageId` int(11) NOT NULL,
  `title` varchar(255) DEFAULT NULL,
  `heading` varchar(255) DEFAULT NULL,
  `metaKeyword` varchar(255) DEFAULT NULL,
  `metaDescription` varchar(255) DEFAULT NULL,
  `description` text,
  `pages_post_type` int(11) DEFAULT NULL,
  `SEO` text,
  `status` int(11) DEFAULT NULL,
  `created` datetime DEFAULT NULL,
  `updated` datetime DEFAULT NULL,
  `accountId` int(11) DEFAULT NULL,
  `orderBy` int(11) DEFAULT NULL,
  `underPage` int(11) DEFAULT NULL,
  `ShowOnHeader` int(11) DEFAULT NULL
) ENGINE=InnoDB DEFAULT CHARSET=latin1;

--
-- Dumping data for table `pages_post`
--

INSERT INTO `pages_post` (`pageId`, `title`, `heading`, `metaKeyword`, `metaDescription`, `description`, `pages_post_type`, `SEO`, `status`, `created`, `updated`, `accountId`, `orderBy`, `underPage`, `ShowOnHeader`) VALUES
(1, 'Home', 'Home', 'Home', 'Home', '', 1, 'home', 1, '2016-03-11 22:07:46', NULL, 1, 1, 0, 1),
(2, 'About Us', 'We believe in quality of services', 'About Us', 'About Us', '<p>\n	<u><strong>About Us</strong></u><br />\n	<br />\n	Infotwister.com is based on unique concept, our mission to make your life easier where we list some of the best services in Pakistan .So if you need kind of services you should book right service provider on this website and they will complete your need. Same as that we are offering different kind of services so they get new customers for their business. If you need any kind of help or you are advertiser, do contact us so on below mentioned address.<br />\n	<br />\n	<strong><u>How this works?</u></strong><br />\n	<br />\n	Book your order at your desired destination and let us know what is that you need.<br />\n	If you need any kind of services like &nbsp;<br />\n	<br />\n	<strong><u>Services</u></strong></p>\n<table border="1" cellpadding="0" cellspacing="0" style="width:100%;" width="100%">\n	<tbody>\n		<tr>\n			<td style="width:34.5%;height:18px;">\n				<ul style="list-style-type:circle;">\n					<li>\n						Web developer</li>\n				</ul>\n			</td>\n			<td style="width:34.5%;height:18px;">\n				<ul style="list-style-type:circle;">\n					<li>\n						Web designer</li>\n				</ul>\n			</td>\n			<td style="width:34.5%;height:18px;">\n				<ul style="list-style-type:circle;">\n					<li>\n						Content writer</li>\n				</ul>\n			</td>\n		</tr>\n		<tr>\n			<td style="width:34.5%;height:17px;">\n				<ul style="list-style-type:circle;">\n					<li>\n						Electrician</li>\n				</ul>\n			</td>\n			<td style="width:34.5%;height:17px;">\n				<ul style="list-style-type:circle;">\n					<li>\n						Plumber</li>\n				</ul>\n			</td>\n			<td style="width:34.5%;height:17px;">\n				<ul style="list-style-type:circle;">\n					<li>\n						Carpenter</li>\n				</ul>\n			</td>\n		</tr>\n		<tr>\n			<td style="width:34.5%;height:17px;">\n				<ul style="list-style-type:circle;">\n					<li>\n						Tailor</li>\n				</ul>\n			</td>\n			<td style="width:34.5%;height:17px;">\n				<ul style="list-style-type:circle;">\n					<li>\n						Painter</li>\n				</ul>\n			</td>\n			<td style="width:34.5%;height:17px;">\n				<ul style="list-style-type:circle;">\n					<li>\n						Mechanic</li>\n				</ul>\n			</td>\n		</tr>\n		<tr>\n			<td style="width:34.5%;height:23px;">\n				<ul style="list-style-type:circle;">\n					<li>\n						Beauticians</li>\n				</ul>\n			</td>\n			<td style="width:34.5%;height:23px;">\n				<ul style="list-style-type:circle;">\n					<li>\n						Cook</li>\n				</ul>\n			</td>\n			<td style="width:34.5%;height:23px;">\n				<ul style="list-style-type:circle;">\n					<li>\n						Booking for Wedding hall</li>\n				</ul>\n			</td>\n		</tr>\n	</tbody>\n</table>\n<p>\n	<br />\n	&nbsp;</p>\n', 1, 'about-us', 0, '2016-03-16 13:00:36', NULL, 1, 2, 0, 1),
(3, 'Restaurants', 'Restaurants', 'Restaurants', 'Restaurants', '', 1, 'restaurants', 1, '2016-10-31 07:29:45', NULL, 1, 3, 0, 1),
(4, 'Services', 'We believe in quality of service', 'Services', 'Services', '', 1, 'services', 0, '2016-03-12 02:01:13', NULL, 1, 4, 0, 1),
(5, 'Contact us', 'We are here to help', 'Contact us', 'Contact us', '<p>\r\n	Curabitur fermentum in lorem ut viverra. Curabitur pharetra sodales dolor eget mollis. In interdum mi leo, sed commodo sapien dignissim ut. Fusce eu pulvinar tortor. Vivamus odio lectus, feugiat a neque eu, adipiscing accumsan turpis. Nunc laoreet, lectus a molestie interdum, urna diam adipiscing purus, nec</p>\r\n', 1, 'contact-us', 0, '2016-03-14 10:55:52', NULL, 1, 5, 0, 1),
(7, 'Free Food Delivery', 'Delivery from your favorite restaurant(s) was never easier', 'Free Food Delivery', 'Free Food Delivery', '<p>\r\n	Curabitur fermentum in lorem ut viverra. Curabitur pharetra sodales dolor eget mollis. In interdum mi leo, sed commodo sapien dignissim ut. Fusce eu pulvinar tortor. Vivamus odio lectus, feugiat a neque eu, adipiscing accumsan turpis. Nunc laoreet, lectus a molestie interdum, urna diam adipiscing purus, nec accumsan purus mauris ac sem. Nunc pulvinar, leo ut convallis eleifend, odiov odio feugiat mi, non aliquam lacus lectus at dolor. Nulla faucibus felis ut suscipit molestie. Aenean nec dolor id nibh rutrum varius sed at libero. Cras tincidunt, metus sit amet vestibulum adipiscing, sapien purus blandit elit, id malesuada nunc nunc eget nunc. Aliquam sit amet egestas tellus..</p>\r\n<p>\r\n	Curabitur fermentum in lorem ut viverra. Curabitur pharetra sodales dolor eget mollis. In interdum mi leo, sed commodo sapien dignissim ut. Fusce eu pulvinar tortor. Vivamus odio lectus, feugiat a neque eu, adipiscing accumsan turpis. Nunc laoreet, lectus a molestie interdum, urna diam adipiscing purus, nec accumsan purus mauris ac sem. Nunc pulvinar, leo ut convallis eleifend, odio odio feugiat mi, non aliquam lacus lectus at dolor. Nulla faucibus felis ut suscipit molestie. Aenean nec dolor id nibh rutrum varius sed at libero. Cras tincidunt, metus sit amet vestibulum adipiscing, sapien purus blandit elit, id malesuada nunc nunc eget nunc. Aliquam sit amet egestas tellus.</p>\r\n<p>\r\n	Nunc laoreet, lectus a molestie interdum, urna diam adipiscing purus, nec accumsan purus mauris ac sem. Nunc pulvinar, leo ut convallis eleifend, odio odio feugiat mi, non aliquam lacus lectus at dolor. Nulla faucibus felis ut suscipit molestie. Aenean nec dolor id nibh rutrum varius sed at libero. Cras tincidunt, metus sit amet vestibulum adipiscing, sapien purus blandit elit, id malesuada nunc nunc eget nunc. Aliquam sit amet egestas tellus.</p>\r\n<p>\r\n	Curabitur fermentum in lorem ut viverra. Curabitur pharetra sodales dolor eget mollis. In interdum mi leo, sed commodo sapien dignissim ut. Fusce eu pulvinar tortor. Vivamus odio lectus, feugiat a neque eu, adipiscing accumsan turpis. Nunc laoreet, lectus a molestie interdum, urna diam adipiscing purus, nec accumsan purus mauris ac sem. Nunc pulvinar, leo ut convallis eleifend, odio odio feugiat mi, non aliquam lacus lectus at dolor. Nulla faucibus felis ut suscipit molestie. Aenean nec dolor id nibh rutrum varius sed at libero. Cras tincidunt, metus sit amet vestibulum adipiscing, sapien purus blandit elit, id malesuada nunc nunc eget nunc. Aliquam sit amet egestas tellus.</p>\r\n<p>\r\n	Curabitur fermentum in lorem ut viverra. Curabitur pharetra sodales dolor eget mollis. In interdum mi leo, sed commodo sapien dignissim ut. Fusce eu pulvinar tortor. Vivamus odio lectus, feugiat a neque eu, adipiscing accumsan turpis. Nunc laoreet, lectus a molestie interdum, urna diam adipiscing purus, nec accumsan purus mauris ac sem. Nunc pulvinar, leo ut convallis eleifend, odio odio feugiat mi, non aliquam lacus lectus at dolor. Nulla faucibus felis ut suscipit molestie. Aenean nec dolor id nibh rutrum varius sed at libero. Cras tincidunt, metus sit amet vestibulum adipiscing, sapien purus blandit elit, id malesuada nunc nunc eget nunc. Aliquam sit amet egestas tellus.</p>', 2, 'free-food-delivery', 1, '2016-03-12 01:35:58', NULL, 1, 0, 4, NULL),
(8, 'Electrician on Call', 'We will send electrician to your door step on a single call.', 'Electrician on Call', 'Electrician on Call', '<p>\r\n	Curabitur fermentum in lorem ut viverra. Curabitur pharetra sodales dolor eget mollis. In interdum mi leo, sed commodo sapien dignissim ut. Fusce eu pulvinar tortor. Vivamus odio lectus, feugiat a neque eu, adipiscing accumsan turpis. Nunc laoreet, lectus a molestie interdum, urna diam adipiscing purus, nec accumsan purus mauris ac sem. Nunc pulvinar, leo ut convallis eleifend, odiov odio feugiat mi, non aliquam lacus lectus at dolor. Nulla faucibus felis ut suscipit molestie. Aenean nec dolor id nibh rutrum varius sed at libero. Cras tincidunt, metus sit amet vestibulum adipiscing, sapien purus blandit elit, id malesuada nunc nunc eget nunc. Aliquam sit amet egestas tellus..</p>\r\n<p>\r\n	Curabitur fermentum in lorem ut viverra. Curabitur pharetra sodales dolor eget mollis. In interdum mi leo, sed commodo sapien dignissim ut. Fusce eu pulvinar tortor. Vivamus odio lectus, feugiat a neque eu, adipiscing accumsan turpis. Nunc laoreet, lectus a molestie interdum, urna diam adipiscing purus, nec accumsan purus mauris ac sem. Nunc pulvinar, leo ut convallis eleifend, odio odio feugiat mi, non aliquam lacus lectus at dolor. Nulla faucibus felis ut suscipit molestie. Aenean nec dolor id nibh rutrum varius sed at libero. Cras tincidunt, metus sit amet vestibulum adipiscing, sapien purus blandit elit, id malesuada nunc nunc eget nunc. Aliquam sit amet egestas tellus.</p>\r\n<p>\r\n	Nunc laoreet, lectus a molestie interdum, urna diam adipiscing purus, nec accumsan purus mauris ac sem. Nunc pulvinar, leo ut convallis eleifend, odio odio feugiat mi, non aliquam lacus lectus at dolor. Nulla faucibus felis ut suscipit molestie. Aenean nec dolor id nibh rutrum varius sed at libero. Cras tincidunt, metus sit amet vestibulum adipiscing, sapien purus blandit elit, id malesuada nunc nunc eget nunc. Aliquam sit amet egestas tellus.</p>\r\n<p>\r\n	Curabitur fermentum in lorem ut viverra. Curabitur pharetra sodales dolor eget mollis. In interdum mi leo, sed commodo sapien dignissim ut. Fusce eu pulvinar tortor. Vivamus odio lectus, feugiat a neque eu, adipiscing accumsan turpis. Nunc laoreet, lectus a molestie interdum, urna diam adipiscing purus, nec accumsan purus mauris ac sem. Nunc pulvinar, leo ut convallis eleifend, odio odio feugiat mi, non aliquam lacus lectus at dolor. Nulla faucibus felis ut suscipit molestie. Aenean nec dolor id nibh rutrum varius sed at libero. Cras tincidunt, metus sit amet vestibulum adipiscing, sapien purus blandit elit, id malesuada nunc nunc eget nunc. Aliquam sit amet egestas tellus.</p>\r\n<p>\r\n	Curabitur fermentum in lorem ut viverra. Curabitur pharetra sodales dolor eget mollis. In interdum mi leo, sed commodo sapien dignissim ut. Fusce eu pulvinar tortor. Vivamus odio lectus, feugiat a neque eu, adipiscing accumsan turpis. Nunc laoreet, lectus a molestie interdum, urna diam adipiscing purus, nec accumsan purus mauris ac sem. Nunc pulvinar, leo ut convallis eleifend, odio odio feugiat mi, non aliquam lacus lectus at dolor. Nulla faucibus felis ut suscipit molestie. Aenean nec dolor id nibh rutrum varius sed at libero. Cras tincidunt, metus sit amet vestibulum adipiscing, sapien purus blandit elit, id malesuada nunc nunc eget nunc. Aliquam sit amet egestas tellus.</p>', 2, 'electrician-on-call', 1, '2016-03-12 01:37:30', NULL, 1, 0, 4, NULL),
(9, 'Grocery at Home', 'Get your grocery at home, from biscuits to flour and anything in between', 'Grocery at Home', 'Grocery at Home', '<p>\n	MA delivery services provide home made khana the most convenient way to order call on 646646546 or log on to Infotwister. Homemade khana services</p>\n', 2, 'grocery-at-home', 1, '2016-03-26 12:31:27', NULL, 1, 0, 4, NULL);

-- --------------------------------------------------------

--
-- Table structure for table `pages_post_images`
--

CREATE TABLE `pages_post_images` (
  `imageId` int(11) NOT NULL,
  `pageId` int(11) DEFAULT NULL,
  `Image` text
) ENGINE=InnoDB DEFAULT CHARSET=latin1;

--
-- Dumping data for table `pages_post_images`
--

INSERT INTO `pages_post_images` (`imageId`, `pageId`, `Image`) VALUES
(1, 2, 'custom-bg.jpg'),
(2, 3, 'custom-bg1.jpg'),
(3, 7, 'food.png'),
(4, 8, 'Electrician.png'),
(6, 4, 'custom-bg2.jpg'),
(7, 5, 'custom-bg3.jpg'),
(8, 9, 'MA_KITCHEN_SERVICES2.jpg');

-- --------------------------------------------------------

--
-- Table structure for table `payment_setting`
--

CREATE TABLE `payment_setting` (
  `id` int(11) NOT NULL,
  `api_key` varchar(255) NOT NULL,
  `email` varchar(255) NOT NULL,
  `type` varchar(255) NOT NULL,
  `created` date NOT NULL,
  `accountId_created` int(11) NOT NULL
) ENGINE=InnoDB DEFAULT CHARSET=latin1;

-- --------------------------------------------------------

--
-- Table structure for table `photo_gallery`
--

CREATE TABLE `photo_gallery` (
  `photo_gallery_Id` int(11) NOT NULL,
  `title` varchar(255) DEFAULT NULL,
  `description` text,
  `pages_post_type` int(11) DEFAULT NULL,
  `SEO` text,
  `status` int(11) DEFAULT NULL,
  `created` datetime DEFAULT NULL,
  `updated` datetime DEFAULT NULL,
  `accountId` int(11) DEFAULT NULL
) ENGINE=InnoDB DEFAULT CHARSET=latin1;

-- --------------------------------------------------------

--
-- Table structure for table `photo_gallery_images`
--

CREATE TABLE `photo_gallery_images` (
  `gallery_images_Id` int(11) NOT NULL,
  `photo_gallery_Id` int(11) DEFAULT NULL,
  `Image` text
) ENGINE=InnoDB DEFAULT CHARSET=latin1;

-- --------------------------------------------------------

--
-- Table structure for table `product`
--

CREATE TABLE `product` (
  `proID` int(11) NOT NULL,
  `title` varchar(255) NOT NULL,
  `SubText` varchar(255) DEFAULT NULL,
  `Price` varchar(255) DEFAULT NULL,
  `OldPrice` varchar(255) DEFAULT NULL,
  `description` text NOT NULL,
  `image` varchar(255) NOT NULL,
  `cat_id` int(11) NOT NULL,
  `created` date NOT NULL,
  `updated` date NOT NULL,
  `status` int(11) NOT NULL,
  `seo` varchar(255) NOT NULL,
  `accountId_created` int(11) NOT NULL,
  `accountId_updated` int(11) NOT NULL
) ENGINE=InnoDB DEFAULT CHARSET=latin1;

--
-- Dumping data for table `product`
--

INSERT INTO `product` (`proID`, `title`, `SubText`, `Price`, `OldPrice`, `description`, `image`, `cat_id`, `created`, `updated`, `status`, `seo`, `accountId_created`, `accountId_updated`) VALUES
(1, 'Chicken Corn Soup', '1 Person', '105', '125', '<p>\r\n	Description</p>\r\n', 'about-img7.jpg', 1, '2016-03-19', '2016-03-19', 1, 'chicken-corn-soup', 2, 2),
(2, 'Chicken Corn Soup', ' Family', '360', '400', '<p>\r\n	Description</p>\r\n', 'about-img8.jpg', 1, '2016-03-19', '2016-03-19', 1, 'chicken-corn-soup', 2, 2),
(3, 'Zinger Burger', '', '170', '180', '<p>\r\n	Description</p>\r\n', '', 2, '2016-03-19', '0000-00-00', 1, 'zinger-burger', 2, 0),
(4, 'Deal 1Chicken Karhai', '', '110', '', '<p>\n	Description</p>\n', '', 14, '2016-03-19', '2016-03-26', 1, 'deal-1chicken-karhai', 4, 4),
(5, 'Chicken Karhai', '', '110', '', '<p>\n	Description</p>\n', '', 13, '2016-03-19', '2016-03-26', 1, 'chicken-karhai', 4, 4),
(6, 'Social Media Marketing', '', '', '', '<p>\n	Social Media Marketing</p>\n', '', 7, '2016-03-20', '0000-00-00', 1, 'social-media-marketing', 5, 0),
(7, 'Graphic Designing', '', '', '', '<p>\n	Graphic Designing</p>\n', '', 7, '2016-03-20', '0000-00-00', 1, 'graphic-designing', 5, 0),
(8, 'Online Portals', '', '', '', '<p>\n	Online Portals</p>\n', '', 7, '2016-03-20', '0000-00-00', 1, 'online-portals', 5, 0),
(9, 'Software Development', '', '', '', '<p>\n	Software Development</p>\n', '', 7, '2016-03-20', '0000-00-00', 1, 'software-development', 5, 0),
(10, 'Mobile Applications', '', '', '', '<p>\n	Mobile Applications</p>\n', '', 7, '2016-03-20', '0000-00-00', 1, 'mobile-applications', 5, 0),
(11, 'Website Development', '', '', '', '<p>\n	Website Development</p>\n', '', 7, '2016-03-20', '0000-00-00', 1, 'website-development', 5, 0),
(12, 'Chocolate ', 'Faimly Size ', '250', '280', '<p>\n	Deliciouse flavor</p>\n', '', 8, '2016-03-20', '0000-00-00', 1, 'chocolate', 3, 0),
(13, 'Rajhistani Lehnga', 'Rajhistani Lehnga', '25000', '30000', '', '', 10, '2016-03-20', '2016-03-20', 1, 'rajhistani-lehnga', 6, 6),
(14, 'Chicken Korma  ', '', '110', '', '', '', 11, '2016-03-26', '0000-00-00', 1, 'chicken-korma', 4, 0),
(15, ' Kari', '', '110', '', '', '', 12, '2016-03-26', '2016-03-26', 1, 'kari', 4, 4);

-- --------------------------------------------------------

--
-- Table structure for table `settings`
--

CREATE TABLE `settings` (
  `settingsId` int(11) NOT NULL,
  `title` text,
  `metaKeyword` text,
  `metaDescription` text,
  `emailTo` varchar(250) DEFAULT NULL,
  `emailFrom` varchar(250) DEFAULT NULL,
  `mobile` text,
  `phone` text,
  `address` text,
  `logo` varchar(250) DEFAULT NULL,
  `headerText` varchar(250) DEFAULT NULL,
  `footerText` text,
  `copyright` text,
  `text_1` text,
  `text_2` text,
  `text_3` text,
  `UpdateDate` datetime DEFAULT NULL,
  `Facebook` text,
  `Twitter` text,
  `GooglePlus` text,
  `LinkedIn` text
) ENGINE=InnoDB DEFAULT CHARSET=latin1;

--
-- Dumping data for table `settings`
--

INSERT INTO `settings` (`settingsId`, `title`, `metaKeyword`, `metaDescription`, `emailTo`, `emailFrom`, `mobile`, `phone`, `address`, `logo`, `headerText`, `footerText`, `copyright`, `text_1`, `text_2`, `text_3`, `UpdateDate`, `Facebook`, `Twitter`, `GooglePlus`, `LinkedIn`) VALUES
(1, 'Infotwister', 'Shop', 'Shop', 'info@shop.com', 'info@shop.com', '0321284406', '', 'Defence phase 1 Karachi ', 'img-logoinfo.png', 'One Click Need Complete ', 'Infotwister.com is here to provide vast services experience. You don\'t have to worry about a thing now. Infotwister, Lets complete your need on 1 click    !', ' Copyright reserved © Infotwister 2015-2016.', '#', '#', '', NULL, NULL, NULL, NULL, NULL);

-- --------------------------------------------------------

--
-- Table structure for table `slider`
--

CREATE TABLE `slider` (
  `sliderId` int(11) NOT NULL,
  `type` int(11) DEFAULT NULL,
  `slider` text,
  `status` int(11) DEFAULT NULL,
  `created` datetime DEFAULT NULL,
  `updated` datetime DEFAULT NULL,
  `accountId` int(11) DEFAULT NULL,
  `orderBy` int(11) DEFAULT NULL
) ENGINE=InnoDB DEFAULT CHARSET=latin1;

--
-- Dumping data for table `slider`
--

INSERT INTO `slider` (`sliderId`, `type`, `slider`, `status`, `created`, `updated`, `accountId`, `orderBy`) VALUES
(1, 1, 'img-slider1.png', 1, '2016-03-11 23:02:49', NULL, 1, 1),
(2, 1, 'img-slider2.png', 1, '2016-03-11 23:08:29', NULL, 1, 2);

-- --------------------------------------------------------

--
-- Table structure for table `slider_details`
--

CREATE TABLE `slider_details` (
  `detailId` int(11) NOT NULL,
  `text` text,
  `color` text,
  `size` text,
  `top` text,
  `left` text,
  `sliderId` int(11) DEFAULT NULL
) ENGINE=InnoDB DEFAULT CHARSET=latin1;

--
-- Dumping data for table `slider_details`
--

INSERT INTO `slider_details` (`detailId`, `text`, `color`, `size`, `top`, `left`, `sliderId`) VALUES
(1, 'Yoga time', 'We offer free trial classes for those who have either no or some yoga experience.', 'Read More', '#', '', 1),
(2, 'New Pilates programs!', 'If you are looking to develop strong and lean muscles in a relaxed setting, pilates is the ideal workout for you.', 'Are you ready to start?', '#', '', 2);

--
-- Indexes for dumped tables
--

--
-- Indexes for table `accounts`
--
ALTER TABLE `accounts`
  ADD PRIMARY KEY (`accountId`);

--
-- Indexes for table `account_details`
--
ALTER TABLE `account_details`
  ADD PRIMARY KEY (`detailId`);

--
-- Indexes for table `account_type`
--
ALTER TABLE `account_type`
  ADD PRIMARY KEY (`typeId`);

--
-- Indexes for table `categories`
--
ALTER TABLE `categories`
  ADD PRIMARY KEY (`catID`);

--
-- Indexes for table `current_users`
--
ALTER TABLE `current_users`
  ADD PRIMARY KEY (`id`);

--
-- Indexes for table `customer_order`
--
ALTER TABLE `customer_order`
  ADD PRIMARY KEY (`orderId`);

--
-- Indexes for table `order_details`
--
ALTER TABLE `order_details`
  ADD PRIMARY KEY (`detailId`);

--
-- Indexes for table `pages_post`
--
ALTER TABLE `pages_post`
  ADD PRIMARY KEY (`pageId`);

--
-- Indexes for table `pages_post_images`
--
ALTER TABLE `pages_post_images`
  ADD PRIMARY KEY (`imageId`);

--
-- Indexes for table `payment_setting`
--
ALTER TABLE `payment_setting`
  ADD PRIMARY KEY (`id`);

--
-- Indexes for table `photo_gallery`
--
ALTER TABLE `photo_gallery`
  ADD PRIMARY KEY (`photo_gallery_Id`);

--
-- Indexes for table `photo_gallery_images`
--
ALTER TABLE `photo_gallery_images`
  ADD PRIMARY KEY (`gallery_images_Id`);

--
-- Indexes for table `product`
--
ALTER TABLE `product`
  ADD PRIMARY KEY (`proID`);

--
-- Indexes for table `settings`
--
ALTER TABLE `settings`
  ADD PRIMARY KEY (`settingsId`);

--
-- Indexes for table `slider`
--
ALTER TABLE `slider`
  ADD PRIMARY KEY (`sliderId`);

--
-- Indexes for table `slider_details`
--
ALTER TABLE `slider_details`
  ADD PRIMARY KEY (`detailId`);

--
-- AUTO_INCREMENT for dumped tables
--

--
-- AUTO_INCREMENT for table `accounts`
--
ALTER TABLE `accounts`
  MODIFY `accountId` int(11) NOT NULL AUTO_INCREMENT, AUTO_INCREMENT=7;
--
-- AUTO_INCREMENT for table `account_details`
--
ALTER TABLE `account_details`
  MODIFY `detailId` int(11) NOT NULL AUTO_INCREMENT, AUTO_INCREMENT=7;
--
-- AUTO_INCREMENT for table `account_type`
--
ALTER TABLE `account_type`
  MODIFY `typeId` int(11) NOT NULL AUTO_INCREMENT, AUTO_INCREMENT=6;
--
-- AUTO_INCREMENT for table `categories`
--
ALTER TABLE `categories`
  MODIFY `catID` int(11) NOT NULL AUTO_INCREMENT, AUTO_INCREMENT=19;
--
-- AUTO_INCREMENT for table `current_users`
--
ALTER TABLE `current_users`
  MODIFY `id` int(11) NOT NULL AUTO_INCREMENT, AUTO_INCREMENT=759;
--
-- AUTO_INCREMENT for table `customer_order`
--
ALTER TABLE `customer_order`
  MODIFY `orderId` int(11) NOT NULL AUTO_INCREMENT, AUTO_INCREMENT=12;
--
-- AUTO_INCREMENT for table `order_details`
--
ALTER TABLE `order_details`
  MODIFY `detailId` int(11) NOT NULL AUTO_INCREMENT, AUTO_INCREMENT=11;
--
-- AUTO_INCREMENT for table `pages_post`
--
ALTER TABLE `pages_post`
  MODIFY `pageId` int(11) NOT NULL AUTO_INCREMENT, AUTO_INCREMENT=10;
--
-- AUTO_INCREMENT for table `pages_post_images`
--
ALTER TABLE `pages_post_images`
  MODIFY `imageId` int(11) NOT NULL AUTO_INCREMENT, AUTO_INCREMENT=9;
--
-- AUTO_INCREMENT for table `payment_setting`
--
ALTER TABLE `payment_setting`
  MODIFY `id` int(11) NOT NULL AUTO_INCREMENT;
--
-- AUTO_INCREMENT for table `photo_gallery`
--
ALTER TABLE `photo_gallery`
  MODIFY `photo_gallery_Id` int(11) NOT NULL AUTO_INCREMENT;
--
-- AUTO_INCREMENT for table `photo_gallery_images`
--
ALTER TABLE `photo_gallery_images`
  MODIFY `gallery_images_Id` int(11) NOT NULL AUTO_INCREMENT;
--
-- AUTO_INCREMENT for table `product`
--
ALTER TABLE `product`
  MODIFY `proID` int(11) NOT NULL AUTO_INCREMENT, AUTO_INCREMENT=16;
--
-- AUTO_INCREMENT for table `settings`
--
ALTER TABLE `settings`
  MODIFY `settingsId` int(11) NOT NULL AUTO_INCREMENT, AUTO_INCREMENT=2;
--
-- AUTO_INCREMENT for table `slider`
--
ALTER TABLE `slider`
  MODIFY `sliderId` int(11) NOT NULL AUTO_INCREMENT, AUTO_INCREMENT=3;
--
-- AUTO_INCREMENT for table `slider_details`
--
ALTER TABLE `slider_details`
  MODIFY `detailId` int(11) NOT NULL AUTO_INCREMENT, AUTO_INCREMENT=3;
/*!40101 SET CHARACTER_SET_CLIENT=@OLD_CHARACTER_SET_CLIENT */;
/*!40101 SET CHARACTER_SET_RESULTS=@OLD_CHARACTER_SET_RESULTS */;
/*!40101 SET COLLATION_CONNECTION=@OLD_COLLATION_CONNECTION */;
